النص,TashbeehWords
منْ منكمُ الملكُ المطاعُكأنّهُ تحتَ السَّوابغ تبّعٌ في حِميَرِ,
يا آخذ البطحاءِ في يوم الوغىفكأنه هجعتْ عليها أفرعُ,
وكأنه قُزحٌ على أفقِ الضحى وعلى جبين مبشّرٍ إكليل,
ملكٌكما اتّقد الصباحُ وراءه ظلٌّكما برَدَ الماءُ ظليلُ,
جاوزتُ منه البحرَ إلا أنه عذبٌكما رشفَ اللمى تقبيل,
وكأنما تلك الأراكة منبرٌوكأنه فيها خطيبٌ مُصقَّعُ,وكأنما
وكأنما خبرُ الموءيد خبرتي فلسانُه بالشكرِ فيه يُسجَّعُ,وكأنما
و مُهنَّدٌ فيهِ الفِرِندُكأنّهُ درٌّ لهُ خلفَ الغرارِ كمينُ,
سارت سفائنُهم والنَّوحُ يتبعُهاكأنها إبلٌ يحدو بها الحادي,
كأني شربتُ الليلَ في كأس ذكره فلم أُبقِ فيه فضلةً للكواكب,
وكأنّما يلقى الضّريبة َ دونهُ بأسُ المُعِزِّ أوِ اسمُهُ المَحزونُ,وكأنّما
ترفّعَ عنَّا سجفهُفكأنّهُ يجيءُ بيحيي صبْحَهُ المتبَلِّجا,
مَلِكٌكما حُدِّثتَ عنهُ رأفَة ٌ فالخمرُ ماءٌ والشّراسة ُ لينُ,
فكأنّها تحتَ النّضارِ كواكبٌ وكأنّها تحْتَ الحَديدِ دُجونُ,
أمّا الغِنى فهو الّذي أولَيْتَنافكأنّ جودَكَ بالخلُودِ رَهينُ,
في الغيْثِ شِبهٌ من نَداكَكأنّما مسَحَتْ على الأنواءِ منكَ يمينُ,
تَطَأُ الجِيادُ بِنا البُدورَكأنّها تحتَ السّنابكِ مرمرٌ مسنونُ,
وأسْعَدَني مرفضُّ دمعيكأنّما تَساقَطَ رأد اليوْمِ دُرًّا مُدَحْرَجَا,
كأنّ ظلامَ اللّيلِ إذ مالَ مَيْلَة ً صريعُ مُدامٍ باتَ يشرَبُها صِرفا,
كأنّ الهَزيعَ الآبنُوسيَّ لونُهُ سَرَى بالنّسيج الخُسرُوانيِّ مُلتفّا,
كأنّ لِواءَ الشّمسِ غرَّة ُ جعْفَرٍ رأى القرنَ فازدادتْ طلاقتهُ ضعفا,
كأنّ عمودَ الفجرِ خاقانُ معشرٍ من التّركِ نادى بالنّجاشيّ فاستخفى,
كأنّ مُعلَّى قُطبِها فارسٌ لَهُ لِواءانِ مركوزانِ تُذكرهُ الزحفا,
كأنّ سهاها عاشقٌ بين عُوَّدٍ فآوِنَة ً يَبدو وآونَة ً يُخْفى,
كأنّ قُدامَى النَّسرِ والنَّسْرُ واقعٌ قصصنَ فلم تسمُ الخوافي به ضعفا,
و جاءتْ عتاقُ الخيل ترديكأنّما تخطُّ له أقلامُ آذانها صحفا,
حتّىكأنّي مُلْهمٌ وكأنّها سُوَرٌ أُرَتِّلُ آيَها تَرتيلا,
إذا شهدَ الهيجاءَ مدّتْ به يدًاكأنّ عليها دملجًا منهُ أو وقفا,
منَ اللّاءِ لا يُصْدِرْنَ إلّا رَوِيّةًكأنّ عليها صِبْغَ خَمْرٍ وعَنْدَمِ,
كأنّ قَنَاها المُلْدَ وهي خَوافِقٌ قُدودُ المَها في كلّ رَيْطٍ مُسَهَّمِ,
لها العَذباتُ الحُمْرُ تَهْفوكأنّها حَواشي بُروقٍ أو ذوائبُ أنجُمِ,
راعتهُم لمعُ البروقكأنّما جرَّدتُموها في السّحابِ نُصولا,
جهلتُ الهوى حتّى اختبرْتُ عذابَهُكما اختبرَ الرِّعْديدُ بأسَ المُصَمِّمِ,
فلو أنّنيشبهتهُ البحرَ زاخرًا خشيتُ بكونِ المدحِ في مثلهِ قذفا,مثلهِ
وقُدْتُ إلى نَفْسي منّيةَ نَفسِهاكما أُحِرقتْ في نارِها كَفُّ مُضْرِمِ,
وكأنّ أرواحَ العِدى شاكَلْنَهُ فإذا ادّعى لَبّى الكَمِيَّ عَجولا,
هي الأموركما شاهدتَها دُوَلٌ مَنْ سَرَّه زمن ساءته أزمان,
يوم تكاثف غيمُهفكأنه دون السماء دخان عود أخضرِ,
أتى على الكلِّ أمرٌ لا مَرَدَّ له حتى قضَوْافكأَن القوم ما كانوا,
وشَفَعْتَ في وَفْدِ الحجيجِكأنّما نَفّلْتَهُمْ إخلاصَكَ المقبولا,
والشمسُ في حجب السماءكأنها حسنًا تستر تحت كلّةِ تُستُرِ,
لستمكأبناءِ الطّليقِ المرتدي بالكفر حتّى يحضَّ فيهِ إسارُ,
سارَتْ بها شِيَعُ القصائدِ شُرَّدافكَأنّما كانَتْ صبًا وقَبُولا,
وكأنّهُ لم يُبْقِ وترًا ضائعًا في كربلاءَ ولا دَمًا مَطلولا,
وما الجودُ جودٌ في سِواكَ حَقيقَةً وما هو إلّاكالحديثِ المُرَجَّمِ,
ومن يُحق لي الآلاف من ذهبكأنما أشربتْ ماذية الحاد,
كأنما سكبت في جوف بارقةٍ بنار نور من المريخ وقّاد,كأنما
صغرت مكانًا إذ كبرتُ درايةًكأني مبنيٌّ على خلقةِ الأفعى,
وكأنَّ وفْرَتَهُ غَدائِرُ غادَة ٍ لم يلقها بؤسٌ ولا إقتارُ,
ودونكها رقت وراقت محاسنًا فما الروضةُ الحسناءُتشبهها طبعا,
مكارم ومعال كنت بينهماكأني بين روضات وأطواد,
وكُلُّ أنَاةٍ في المواطِنِ سُؤدَدٌ ولاكأناةٍ من قديرٍ مُحَكَّمِ,
كأسنمةِ الآبالِ أوكحُدُوجِها فمِن شاهِقٍ عن نسعةٍ ومُزَمَّمِ,
وأحسِبُهُ أوحى بأمْرٍ إلى الظُّبى ولو لم يكُنْ ما قلتُ لم يتبسَّمِ,
وغُيرت نشواتُ اللائدين بهمبمثل ما قصفوا من كل منآد,بهمبمثل
وكأنَّ غَيضاتِ الرِّماحِ حدائقٌ لُمَعُ الأسِنّة ِ بينها أزهارُ,
والخيل تمرح في الشّكيمكأنّها عِقبانَ صارةَ شاقها الأوكارُ,
سارت سفائنهم والنوح يصحبهاكأنها إبل يحدو بها الحادي,
فكأنما الكافورُ خالطَ ثوبه وأذاب فيها المسكَ مزنٌ يهمع,فكأنما
خضلُ الجنابِكأن عهدَ وصالها أبقى بها مأتيةً تُتمتع,
وأرْعَنَ يحْمومٍكأنّ أديمَهُ إذا شرَّعت أرماحُهُ ظَهرُ شَيهَمِ,
كأنّ السّماكَينِ اللّذينِ تَظاهَرا على لبدتيهِ ضامنانِ لهُ حتفا,
وولّتْ نجُومٌ للثُّرَيّاكأنّهَا خواتيمُ تَبْدو في بَنان يدٍ تَخْفى,
كأنّ بني نَعشٍ ونعشٌ مطافِلٌ بوجرة َ قد أظللنَ في مهمهٍ خشفا,
لقدأَشْبَهَتْني شمعةٌ في صبابتي وفي هول ما ألقى وما أتوقَّعُ,
كأنّ رقيبَ النّجمِ أجدَلُ مُرْقَبٌ يقلِّبُ تحتَ اللّيل في ريشهِ طرفا,
رطبُ اللسانكأنَّ في ألفاظه راحًا مُعتقةً وشدوًا مُطربا,
يلقى الكُماةَ فتنثني مذعورةًفكأنه أسدٌ يمرُّ على ظبى,
كأنّ سهيلًا في مطالعِ أفقهِ مُفارِقُ إلْفٍ لم يَجِدْ بعدَه إلفا,
راقت على عليائه آدابُهفكأنها زهرُ تفتح في ربى,
وبنتِ أيكٍكالشّبابِ النّضْرِكأنّها بينَ الغصونِ الُخضْرِ,
جاءتبمثل النّهدِ فوق الصّدرِ تفترُّ عن مثلِ اللّثاتِ الحمرِ,جاءتبمثل
كأنّما مجَّتْ دمًا منْ نَْحرِ أو نشأتْ في تُرْبة ٍ من جَمْرِ,كأنّما
وكأن خاطفة البروق قد التظت صفحات سيفك قد علاهن الدمُ,
فكأنما الاصباح تحتك أشقرُوكأنما الاظلام تحتك أدهمُ,فكأنما
سَرَينَ فخلّفْنَ النّجومَكأنّها هَجائنُ عِيسٍ في المباركِ نُوَّخُ,
وتظَلُّ تسبَحُ في الدّماءِ قِبابُهُمْفكأنّهنَّ سفائنٌ في أبُحرِ,
أخلاقنافكأنّنا من نسبةٍ ولداتنا فكأنّنا من عُنصرِ,
من بعد ما ضربت بهامثلًا قحطانُ واستحيت لها مضرُ,بهامثلًا
إذا شدختهُ مشقة ٌ ظلَّ فوقها حسيرًاكما أنَّ الأميم المشدَّخُ,
كأنّ حبّةَ قلبي حين رؤيته طارت فقلتُ لها في الخد منه قفي,
والمرءُكالظلِّ المديدِ ضُحًى والفيءُ يحسرهُ فينحسرُ,
وكأنّما سَلَبَ القَشاعِمَ رِيشَها ممّا يَشُقُّ من العَجاجِ الأكدَرِ,وكأنّما
أنسوا بهجرانِ الأنيسِكأنّهم في عبقريِّ البِيدِ جنّة ُ عَبْقَرِ,
وكأنّما شملتْ قناهُ ببارقٍ متألّقٍ أو عارضٍ مثعْنجِرِ,وكأنّما
سفحتْ دماءَ الدّارعينَ بها حتّىكأنَّ جفونهمْ ثغرُ,
ومَشَوْا على قُطعِ النّفوسِكأنّما تمشي سنابكُ خيلهم في مَرْمَرِ,
وجَنَوْا على جمرٍ ضلوعَهمُفكأنّما أنفاسهمْ شررُ,
فكأنّما نامَتْ سُيوفُهُمُ واستَيقَظَتْ من بعدِ ما وترُوا,فكأنّما
فكأنّنَا شَمْلُ الدّموعِ تَفَرُّقًاوكأنّنَا سِرُّ الوَداعِ نُحُولا,
وتَظُنُّ في لَهَواتِنا أسيافَنَاوتَخالُ في تاجِ المعزِّ رسولا,
ويرتاح عند الحمد حتىكأنه - وحاشاه - نشوانٌ يلذُّ له الشرب,
كأني قذًى في مُقلةٍ وهو ناظرٌ بها والمجاذيف التي حَولها هُدْبُ,
هوى بين عصف الريح والموجمثلما هوى بين أضلاع المعنى به قلب,والموجمثلما
له لجج خضركما أخضرت الربى إلى أُخَرٍ بيضكما ابيضت الكثب,
لبستُ سوادًا والجميعُ مبيّضٌكأني غرابٌ والأنامُ حمامُ,
وكَأنّ بَينَ عنانِهِ ولبانِهِ رَشأٌ يريغُ إلى الكنِاسِ خَذولا,
كأنما الأرضُ عني غير راضيةٍ فليس لي وطنٌ فيها ولا وَطر,كأنما
وأجيادُها مالت عليك نواعمًاكما مالتِ الأغصانُ فانْعمْ بها لَمسا,
والخافِقانِ على الوشيجِكأنّما حاولنَ عندَ المُعصِراتِ دخولا,
ذو النُّورِ تُولِيهِ مكارمُ هاشِمٍ شُكرًاكنائلِهِ الجزيلِ جزيلا,
وتباشرَ الفلكُ المدارُكأنّمَا يبغي بهِنَّ إلى السّماءِ رَحيلا,
وتَظُنُّهُ مُتَخَمِّطًا من كبرِهِوتَخَالُهُ متنمِّرًا لِيَصُولا,
وكأنّما الجُرْدُ الجَنائبُ خُرَّدٌ سَفَرَتْ تَشوقُ مُتيَّمًا مَتبولا,وكأنّما
أشبهُ بالماءِ منَ الفرَندِ أقدمُ من رامٍ وزيرَ جرْدٍ,
لقد ضمّ أمر الملك حتىكأنه نطاقٌ بخصْر أو سوار على زند,
الورد ليس صِفاتُه كصفاتهِ والطير ليسَ غِناؤهاكغِنائهِ,
كأنّ الشّقيقَ الغَضَّ يكحلُ أعيُنًا و يسفكُ في لبّاتِهِ الدَّمَ سافكُِ,
كأنّ كُؤوسًا فيه تسري براحِها إذا علّلَتْها السّارياتُ الحواشكُ,
ألم تريا الرّوضَ الأريضَكأنَّما أسرَّة ُ نورِ الشّمسِ فيه سبائكُ,
أجَزْتُ عليهم عابرًا وتركْتُهَاكأنّ المَنَايا تحتَ جنبي أرائِكُ,
أمتَّ بلِ استحييتَ مَن أنتَ راغمٌكأنّك للآجالِ خَصْمٌ مُماحِكُ,
ووالِ فتوحاتِ البلادِكأنّها مَباسِمُ فجرٍ تجتلي ومضاحكُ,
صقيلاتُ أجْسامِ البُرُوقِكأنّمَا أمرّت عليها بالسَّحابِ المداوكُ,
وضَرْبٌ مُبينٌ للشّؤونِكأنّما هوتْ بفراش الهامِ عنهُ النّيازكُ,
أُنظرْ إليهِ وفي التَّحريكِ تسكينُكأنَّما التقمتْ عنهُ التّنانينُ,
تَبارَكَ اللهُ ما أمضى أسنّتَهُكأنّما كلُّ فَكٍّ منهُ طاحونُ,
كأنّها وخبيتُ الزّاد يضرمُها جهنّمٌ قُذِفَتْ فيها الشّياطينُ,
كأنّ بَيْتَ سِلاحٍ فيهِ مُخْتَزَنٌ مِمّا أعَدّتْهُ للرُّسْلِ الفَراعينُ,
همُ لحظوكمُ والنّبوّةُ فيكمُكما لحظَ الشِّيبَ العيونُ الفواركُ,
لفَّ الجداءَ بأيديها وأرجلِهاكأنّما افترستهنّ السّراحينُ,
كأنّما الحَمَلُ المشويُّ في يدهِ ذو النّونِ في الماءِ لّما عَضَّهُ النّونُ,كأنّما
و غادرَ البطَّ من مثنًى وواحدةٍكأنّما اختطفتهنّ الشّواهينُ,
غداةًكأنّ الأُفْقَ سُدَّ بمثلهِ فعادَ غروبُ الشّمسِ من حيثُ تطلعُ,بمثلهِ
فعلنكما هُزَّتْ قَنًا سمهرِيُّة ٌ لسربالِ داودٍ عليَّ هواتكُ,
على كلّ بازٍ أسهمٍ متنكبٍ حثيتكأنّ الماسِخِيَّ له ضِلعُ,
وكلُّ عميمٍ في النّجادِكأنَّمَا تمطّى بمتنيهِ على قرنهِ جذعُ,
وتعرفُ منّي البيدُ حرقًاكأنَّما توغّلَ منهُ بينَ أرجلها سمعُ,
كأنّ الشهب إذ تجري لسعدٍ تخُطُّ لك الطريق على ذراها,
ولا لمحت ابن عبادِ بناحيةٍ ألاحسبتُ عمود الصبح ينصدع,
وكأن نرجسها أصيب بروعتي فعلاه لون مثل لوني أصفرُ,مثل
فكأنما الريحان روحي كلما تتغير الأشياء لا تتغير,فكأنما
أمُلبسيَ النُّعمى قديمًاومثلَها حديثًا، وأحداثُ الزمان عظام,قديمًاومثلَها
وشقّت على النصح المبين جيوبهاكما شقّقت عن زهرهن كمام,
قد ائتلفت أهواؤها بك جملةًكما ائتلفت في وكرهن حمامُ,
كأنّما مَسَحَ القَينُ الجريُّ بهِ كفًّا وقد نهشتهُ حيّة ٌ ذكرُ,كأنّما
وذي نِجادٍ هِرَقْلّيٍ يُشَرِّفُهُكأنّهُ أجلٌ يسطو بهِ قدرُ,
وأبْيَضَ من ماءِ الحديدِكأنّما يبيتُ عليه من خشونتهِ طلُّ,
لا يُرَعْ للمها بذلك سربٌ فلقدأشبهتكِ إن لم تكُنكِ,
كأنّهُ صنمٌ من بعدِ فطنتهِ وما التنفُّسُ معهودٌ منَ الصّنمِ,
غُدُر الحديد عليهموكأنما بأكفهم للمرهفات جداول,
حجب البيت منك شخصًا كريمًامثلما تحجبُ الدنانُ السلافا,
كأنّ خلاخِيلَ المطايا إذا غدتْ تَجَاوَبُ أصْداءُ الفَلا تترّجّعُ,
كأنّ العِتاقَ الجُرْدَ مجْنوبَة ً لَهُ ظباءٌ ثنتْ أجيادَها وهي تتلعُ,
كأنّ أنابيبَ الصِّعادِ أراقمٌ تَلَمَّظُ في أنيابِها السّمُّ مُنقعُ,
كأنّ السّيوفَ المُصْلَتاتِ إذا طَمَتْ على البرِّ بحرٌ زاخرُ اليمِّ مُترَعُ,
كأنّ ظِلالَ الخافِقاتِ أمامَهُ غمائِمُ نَصْرِ الله لا يَتَقَشَّعُ,
كأنّ صِعابَ البُختِ إذ ذُلِّلَتْ لهُ أسارى ملوكٍ عضَّها القِدُّ صرعُ,
كأنّ سِراعَ البَخت تنشر أمنهُ على البيدِ آلٌ في الضّحى تترفّعُ,
كأنّ الكماة َ الصّيدَ لمّا تغشرمتْ حواليهِ أسدُ الغيلِ لا تتكعكعُ,
وغدتْ مُمنَّعة َ القبابِكأنَّها بين الحِجالِ فريدةٌ عصماءُ,
حُجِبَتْ ويُحجَبُ طيفُهافكأنَّما منهم على لحظاتِها رقباءُ,
ما للمهارى النّاجياتِكأنَّها حتمٌ عليها البَينُ والعدواءُ,
كأنّ أفعى سقتْ فولاذهُ حمةً وألبست جلدهُ من وشيها نمشا,
أنا مثلُ مرآةٍ صقيلٍ صفحُها ألقى الوجوهَبمثلِ ما تلقاني,مثلُ
كأنّ في فكّهِ أيتامَ أرملةٍ أو باكياتٍ عليهنّ التَّبابينُ,
كأنّما كُلُّ ركْنٍ من طَبائِعِهِ نارٌ وفي كلّ عضوٍ منهُ كانونُ,كأنّما
كأنّما ينتقي العظمَ الصّليبَ لهُ من تحتِ كلّ رَحًى فِهْرٌ وهاوونُ,كأنّما
كأنّما في الحشا من خملِ معدتهِ قرنفلٌ وجواريشٌ وكمّونُ,كأنّما
شاهدتهوكأنه من روضةٍ وكأنني من طائرٍ مترنم,
خفقت عليه رايةٌ وذؤابةٌفكأنّ صِلًّا نحوَ صلٍّ نَضْنَضا,
والآن لاحظٌّ لنافكأنما وقفت مجاري الرزق ساعةَ خلعه,
و أضحى مردًّا بالنّجاةِكأنّهُ هزبْرُ عرينٍ ضمّ جنبيهِ أشجعُ,
و عبَّ عبابَ الموكبِ الفخم حولهُ وزَفَّكما زُفّ الصّباحُ المُلَمَّعُ,
حسبوا التّكحُّلَ في جفونكِ حليةً تاللهِ ما بأكفّهِم كحلوكِ,
إلى كُلّ عَرّاصِ الكُعوبِكأنّه نوى القسبِ إلّا أنّهُ ليس يرضخُ,
قريتمْ سباعَ الأرض في كلّ معركٍكأنّ القنا فيه طهاة ٌ وطبَّخُ,
وكنتُمْ إذا ما ماجَ عُثنونُ قسطلٍكما اغبرّ مجهولُ المخارم سربخُ,
كما التهبتْ في ناظرِ البرقِ شعلة ٌ تلقَّى سَناها من فمِ الرّيح منفَخُ,كما
يرى الفجرَ منها تحتَ ليلٍ مسبَّجٍكأنّ حدادًا فيهِ بالنِّقسِ يلطخُ,
هزت بنعمة لفظها نفسيكما هزت بذكراه أعالي المنبر,
وتكلمتْفكأن طيب حديثها متعت منه بطيب مسك أذفر,
جادت عليّ بوصلهافكأنه جدوى يديه على المقل المُقتر,
وتبسمت عن جوهرفحسبته ما قلدته محامدي من جوهر,
وضحت وقد فضحت ضياء النّيرفكأنما التحفت ببشر مُبشّرِ,
لي صارمٌ وهو شيعيٌّكحامِلِهِ يكادُ يسبِقُ كَرّاتي إلى البَطَلِ,
قد رشتني سهمًا فرشني طائرًاوكما نفدتُ فإنني أترنم,
وعَبَّس وهو ندٍ مشرقٌكما ضحك العارض الأشنب,
والقُضْبُ تثنيها الصَّبامثلما تعانقَ الأحبابُ يوم الفراق,الصَّبامثلما
وكأنما في الردف منه مباسمٌ تبغي هناك لوجههِ تقبيلا,وكأنما
تأتي عطاياهُ شتّى غيرَ واحدة ٍكما تَدافَعَ موج البحرِ يَصْطفِقُ,ٍكما
فجئتَكما شئتَ من جانبَيك فأنتَ الحياة ُ وأنتَ الرّدى,
كأنَّكَ شاهدتَ الحفايا سوافرا وأعجلتَ وجهَ الغَيبِ أن يتَستَّرا,
وإذا استكانَ منَ النّوَى وعذابِها فإلى لسانٍ في الثّناءكمترصِ,
صنعٌ يؤلَّفُ من نظامِكواكبٍ طلعتْ لغيرِ كثيّرٍ والأحوصِ,
قمْ فاخترطْ لي منْ حواشي لحظهِ سيفًا يكونُكما علمتَ مجرَّبا,
وهو الغمامُ يصوبُ فيه حياتنا لاكالغمام المستهلّ دلوحا,
وصلوا أسًى بعليلِ تذكارٍكما وصَل النّشاوَى بالغَبوق صَبوحا,
لاقيتَ كلَّكتيبةٍ وفللتَ كلَّ ضريبةٍ وألنتَ كلَّ عريكِ,
وكأنّما طبعوا لهُ من لحظهِ سَيفًا رَقيقَ الشّفرتينِ مُشَطَّبا سَيفًا رَقيقَ الشّفرتينِ مُشَطّبا,وكأنّما
وكأنّ طَيْفًا ما اهتَدى فبعثْتُم مِسكَ الجنوب الرَّدْعَ منه بَديلا,
أنظرْ إليهِكأنّهُ متنصّلٌ بجفونِهِ ولقد يكون المذنبا,
نَثَرَتْ نَدَى أنفاسِهافكأنّها نَثرَتْ حِبالاتِ الدُّموعِ هُمولا,
وكأنّ صفحة َ خَدّهِ وعذارهِ تُفّاحة ٌ رُمِيَتْ لتَقْتُلَ عَقربا,
ولم يصدع النقع المثار سنانهكما صَدَعَ الظلماءَ برقٌ تضر ما,
ولا صورت في جسمه الدرع شكلهافأشبه مما صوّرت فيه أرقما,
وحسبيَ ممّا كانَ أو هو كائنٌ دليلان علم بالالهِ وتجريبُ,
وعزمٌ بظلُّ الخافقينكأنّه على أُفُقِ الدّنْيا بِناءٌ وتطنيبُ,
ولم تخفقِ الراياتُ فيهافأشبهتْ قوادمَ طيرٍ في ذُرى الجو حُوّما,
المشرقاتُكأنّهنّ كواكبٌ و النّاعماتُ كأنّهنَ غُصونُ,
فكأنّما يومٌ ليومٍ طاردٌوكأنّما دهرٌ لدهرٍ آكلُ,فكأنّما
ويَمّمْتُ في طُرْقِ الجيادِ سبيلَهم لأصْليكما يَصْلَونَ نفحَ السّمائِمِ,
شفقٌ وشارقةٌ لديه ورقّةٌفكأنما هو بكرةٌ وأصيل,
وكالمشرفيِّ العضب يندى غرارهوكالعارض الوسميّ ينهلُّ مغدقهْ,
وكالكوكب الدريّ يحمد في الوغى تألُّقُ بيض المرهفاتِ تألُّقُهْ,
يَشيعُ لهُ الإفْرِنْدُ دَمعًاكأنّما تذكّرَ يومَ اللّطفِ فهو يسيلُ,
لهُ هاجِسٌ يَفْري الفَرِيَّكأنّهُ شبا مشرفيٍّ ليسَ ينبو مذلِّقهْ,
إذا ذكَرتْهُ النّفسُ جاشتْ لذكرهِكما عثَرَ السّاقي بكأسٍ من الخمْرِ,
تتجاوبُ الدّنْيا لديهم مأتَمًافكأنّما صبّحتهم تصبيحا,
لَبِسوا معايبهم ورزْءَ فقيدِهمكاللّابسات على الحِدادِ مُسوحا,
فكأنّ جَدّكَ في فوارسِ هاشِمٍ منهمْ بحيثُ يرى الحسينَ ذبيحا,
فكأنّما فَغَرَتْ إليهِ جَهَنّمٌ منهنّ أو كلحتْ إليهِ كلوحا,فكأنّما
أراني إذا ما قلت بيتًا تنكّرتْ وجوهٌكما غشَّى الصّحائفَ تتريبُ,
أخلاقنا حتّىكأنَّ ربيعةً من قبل يعربَ كان عاقد يشجبا,
معَ الفلك الدَّوّار لا هيَ كوكبٌ ولا هي مماتشبهُ الرَّيدُ والفندُ,
تضيقُ عليّ الأرضُ حتىكأنما خُلقتُ وإياها سِوارًا ومِعصما,
وقد عمَّ من في ذلك الثّغرِ نائلًاكما افترقتْ تهمي من المزن فرَّقهْ,
ويعبَقُ ذاك التُّرْب من أوجُه الدّجىكما فاحَ من نشرِ الأحبّة ِ أعبقهْ,
يطيبُ نسيمُ الزّابِ من طيبِ ذكرهِكما فتّقَ المسكَ الذّكيَّ مفتِّقهْ,
فكأنّما مَلَكَ القضاءَ مُقدِّرًافكأنّما مَلَكَ القضاءَ مُقدِّرًا في كلّ أوبٍ والحمامَ متيحا في كلّ أوبٍ في الحِمام متيحا,فكأنّما
وقاك هيبة ذي الفقارِكأنّما وشَّحتهُ بنجادهِ توشيحا,
وبالمغرب الأقصَى قَريعُكتائبٍ يخبُّ بمسراهُ فيرجفُ مشرقهْ,
كأنَّ عليهم منك عنقاءَ تعتلي فليس لها ممَّن تخطّفهُ بدُّ,
وكأنما مُنحَ السماءَ صحيفة والليلَ حبرًا والكواكبَ أحرُفا,وكأنما
وما كحميدِ القولِ ينمى مزيدهُ ولاكاليَدِ البيضاءِ عندي تحقّقُهْ,
كأنّكَ وكَّلتَ السّحابَ بحربهم فمن عارضٍ يُمسي ومنْ عارضٍ يغدُو,
كأنَّ لهمْ من حادث الدّهرِ سائِقًا يسوقهمُ أو حاديًا بهمِ يحدو,
أخشاكَ ينسي الشّمسَ مطلعهاكما أنسى الملائكَ ذكرُكَ التّسبيحا,
جرحتُ لديك وكنتُ البريءكما يجرحُ اللحظُ خدًّا أسيلا,
تكلفت فيها سوادَ الخُطوبفأشبهَ عنديَ طَرفا كحيلا,
على أنّمِثلي رحيبُ اللَّبانِ على ما ينوبُ سليمُ الشّظى,أنّمِثلي
لم يشْفَ جهْدُ القولِ منْهُ وإنّني رَهْنٌ بهِ وكفيلُهُكرهِينِهِ,
ونجم اللّيلِ يركض في الدّياجيكأنّ الصّبح يطلبهُ بثارِ,
كأنّ حبابَها خرزاتُ دُرٍّ علت ذهبًا بأقداح النّضارِ,
ومنْ ليبمثلِ سلاح الزّمانِ فأسْطو عليه إذا ما سطا,ليبمثلِ
يَسري به لجِبٌكأنّ زهاءَهُ آذِيُّ بحْرٍ يَرتَمي بسفينِهِ,
ولو تَراهُ غَدا بالصّقْرِأشْبهَ مِنْ جوانحي بقَطًا في الجَوّ كُدْريِّ,
وكالسَّنانِ الّذي يهتَزُّ في يَدِهِومثلِ أجدَلِهِ الصّقرِ القُطاميِّ,يَدِهِومثلِ
ذا أهرتٌكشدوقِ الأسد قد رجعت زأرًا وهذا غموسكالأخاديدِ,
وقائعٌ كظمتهُ فانثنى خرسًاكأنّما كَعَمَتْ فاهُ بجلمودِ,
قد كنتُأحسبُني تَقَصّيتُ الوَرى وبَلَوْتُ شِيعَة َ أهلِ كلِّ زَمانِ,
إذا نَظَرْتَ إليْه نَظْرَة ً دَفَعَتْ إليكشبهك في الأشْباهِ لم يفِلِ,
كأنّما حَلَقاتُ الدّرْعِ يوْمئِذٍ على قُراسِيَّةٍ بالقاعِ مطْلِيِّ,كأنّما
وقد دُعيتَ إلى الهيجا فجِئتَكما جأجأتَ للوِردِ بالفحلِ العزيزيِّ,
كما رأى الملكُ المنصورُ شيمتهُ تَبدو عليك من المنصور قبل تَلي,كما
أبقَيتَ منهم وقد رَدُّوا جيادَهُم بجائِشاتٍكأفواهِ البَخاتيِّ,
خضنَ الظّلامِ إليهِ ثمّ اجتبنهُ ومَرَقنَ من سِجفَيْهِكالحُسبانِ,
كأنَّ حلمكَ أرسى الأرض أو عقدتْ بهِ نواصي ذرى اعلامها القودِ,
أشْبَهَ شيءٍ قَدَحًا بريقِ يَسْعى بجيدٍ في الهوى ممشوقِ,
ويَغْرِسُ اللّؤلُؤَ في العَقِيقِكأنّ درَّ ثغرهِ الأنيقِ,
فكَأنّ دينَكَ يوْمَ أرْدى كُفرَهُ أجلٌ بطشتَ لهُ بعمرٍ ثانِ,
ما زلتُ أسقي غيرَ مستفيقِ حتّى رأيتُ النّجمَكالغريقِ,
وكأنّ أسرابَ الجيادِ ضحى وقد خفّت إليهِ كواسرُ العقبانِ,
عطَفَتْ علَيهِ صدورَهافكأنّها عَطَفَتْ على كِسرى أنُو شروانِ,
فكأنّما البرّاضُ صبّحَ أهلهُوكأنّهنّ هجائنُ النّعمانِ,فكأنّما
فأتَى جُيوشَكَ إذْ أتَتْهُكأنّهُ ركضًا إليهِ طالبٌ لرهانِ,
عُصِمت جَوارِحُهم منَ العدوَىكما وُقيتْ جوانحهم منَ الأضعانِ,
كأنَّها في الذّرى سحقٌ مكمَّمةٌ من كلّ مخضودِ أعلى الضلع منضودِ,
كأنّ أرماحهم تتلو اذا هزجت زابورَ داودَ في محرابِ داودِ,
كأنّما بادرت منها ملوكهم مصارعُ القتل أو جاؤوا بموعودِ,كأنّما
والتفَّ في حبراتهفحسبتُها من فوق عطفيه رداءً فضفضا,
يَغشَوَنَ ناديَ أفْلحٍوكأنّما يغشونَ ربَّ التّاجِ من عدنانِ,
حيُّوا جلالة َ قدرهِفكأنّما حيُّوا أمينَ اللّهِ في الإيوانِ,
يردونَ جمّة َ علمهِ ونوالهِفكأنَّهمْ حيثُ التقى البحرانِ,
إذا لم أذُدْ عن ذلك الماءِ وردَهمْ وإنْ حَنّ وُرّادٌكما حنّتِ النِّيبُ,
ويميلُ قمتهُ النّعاسُكأنَّهُ في أُخرياتِ اللّيلِ ذِفرَى أوقصِ,
طعنٌ يكوّرُ هذا في فريسةِ ذاكأنَّ في كلّ شلو بطنَ ملحودِ,
وحسبك عند اللهحسبتك التي دعت شدة التقوى إلى كرم الفعل,
تخالهم رجل الجراد فعندما دلفت لهم طاروا بأجنحة النمل,
وكأنّني بك قد بلغْتُ مآربي و قضيتُ من نسكِ المودِّع ما كفى,
وكأنّني بِلِواءِ نَصرِكَ خافِقًا قد حامَ بينَ المروتينِ ورفرفا,
وكأنّني بك قد هَزِجت مُلبّيًا وهَدَجْتَ بينَ شِعابِ مكّة والصَّفا,
فكأنَّني بالجيش قد ضاقتْ بهِ أرضُ الحجازِ وبالمواسمِ دُلَّفا,
أعطافهُتشبه أعطافَ من راح فؤادي مَعَه حيث راح,
كلُّ الدُّعاة ِ إلى الهُدَى كالسّطرِ في درجِ الكتابِ وأنتَكالعنوانِ,
أعْجَلتَ في يوْمي رَجائي في غَدٍفكأنّني في جنَّة ِ الرّضوانِ,
بها أرجوانيُّ الشّقيقكأنّهُ خُدودٌ تُدَمّى أو نحورٌ تُلَخْلَخُ,
وليس يلقاهُ من دون الملوكِ ولا الـ ـعيونِ إلّا سيورًاكالعراقيِّ,
و الأباريقُكالظِّباءِ العواطي أوجَسَتْ نَبْأةَ الجِياد العِتاقِ,
فحيّيتُ مزْورَّ الخيالِكأنّه محجَّبُ أعلى قُنّة ِ الملكِ أبلخُ,
ولله يومُ الأوبِ منككأنه وحيدٌ من الأيام ليس له صحب,
ومالوا إلى التسليم فوق جيادهمكما مالت الأغصانُ من تحتها كُثْب,
فَقفّوكْ ما قفّوا وهم للعلا رحى ودارواكما دارت وأنت لهم قُطب,
وكواعبٍ محفوفةٍ بعصائبٍ قد كُلِّلتَ بالدُّرّ والمَرْجانِ,
و المسكُ يعبقُ في البرودِكأنَّها زهرُ الرّبيعِ مفوَّفُ الألوانِ,
فكأنّما وقع الصّريخُ إليهِما بحصارِ أنطاكيّة ٍ فاسترجفا,فكأنّما
كأنّ أيديَها والقدُّ يَكعَمُها في كلِّ هاجرةِ أيدي الحرابيِّ,
يسريفأحسبُ عناني قائفًا متفرّسًا أو زاجِرًا متعيِّفا,
ما كنتُأحسَبُ أنَّ الدّهرَ يَزْلُفُ لي بحاتمٍ في اللّيالي غيرِ طائيِّ,
تُغضي عنِ الذّنبِ أحيانًافتحسبني أشُكُّ في أحنَفِ احِلْمِ التّميميِّ,
حَسُنَتْ في العُيونِ حتّىحَسِبْنَا ها تردَّتْ محاسنَ الأخلاقِ,
فيها قلوبُ العاشقينَتخالها عَنَمًا بأيْدي البِيضِ أو عنابا,
أخاف السيف رقّ وراق حتىكأن عليه شيمةَ منتضيه,
كأن الموت أودع فيه سرًّا ليرفعه إلى يومٍ كريه,
فكأنّما ضربَ السَّماءَ سرادقًا بالزّابِ أو رَفعَ النّجومَ قَبابا,فكأنّما
هذا الذي قدْ جلَّ عنْ أسمائهِ حتّى يسمَّى جعفرَ الوهّابا حتّىحَسِبناها له ألقابا,
ألِفَ النّدى دَأبًا عليهكأنّهُ رَتْكُ المَطّيِ عليهِ أو وَخَدانُها,
و رأيتُ أجبلَ أرضها منقادة ًفحسبتُها مدّتْ إليكَ رقابا,
و سمعتُ فيها كلَّ خطبة ِفيصلٍ حتّىحَسِبْتُ مُلوكَها أعْرابا,
ما كنتُأحسَبُ أن أرَى بشرًا كذا ليثًا ولا دِرْعًا يُسمّى غابَا,
فكأنّه والأعوجيَّ إذا انتحى قمرٌ يُصرّفُ في العنانِ شِهابا,
وكأنّما أنتَ النّبيُّ محمّدٌوكأنّما أنصارُكَ الأنصارُ,وكأنّما
أعْدى الحَمامَ تأوُّهي من بعدهافكأنّهُ فيما سَجَعْنَ رَنينُ,
تشكو الصِّفادَ لبُهرهافكأنَّما رَسَفَاتُ عانٍ دَلُّها رَسَفانُها,
فكأنّما صبغوا الضّحى بقبابهمْ أو عصْفَرَتْ فيهِ الخدودَ جُفونُ,فكأنّما
ووفرْ رايتي قبل ارتحاليكأن به استدل على غناكا,
فكأنَّ هيكلَها تقدَّمَ رايةٌ وكأنّ صَفَّ الدّارعينَ دِنانُها,
عنيتْ تطوفُ بها ولائدُهمْكما طافَتْ برَبّاتِ الحِجالِ قِيانُها,
قد أوتيتْ من علمهمْفكأنّها أحبارُ تلك الكُتبِ أو رُهبانُها,
تُزْجي الجِيادَ إلى الجِلادِكأنّما سرعانُ واردة ِ القَطا سرعانُها,
وأُبُوّة ٌ هَجَرَتْ مَقاصِرَ مُلكِهافكأنّما أسيافُها أوطانُها,
فكأنما ماء الغمامِ مُدامةوكأن ساحات الديار كؤوس,فكأنما
ألا إنّما كانت طلائعُ جوهَرٍ ببعضِ الهداياكالعُجالة ِ للقِرى ببعضِ الهداياكالعُجالة ِ للقرى,
فطابتْ لي الانباءُكأنّها لَطائمُ أطل تحملُ المِسكَ أذْفَرا,
من يذعر السّرحانَ بعد ركائبي أم من يصي ليل التّمامكما أصي,
يجلو لهُ الغيبَ المستَّرَ هاجسٌ تقفو النّباهَةُ ظَنَّهُكيَقينهِ,
متهلّلٌ والعرفُ ما لم تجلهِ بالبشرِكالإبريزِ غيرَ مخلَّصِ,
كالمشرفيّ العضبِ شاعَ فِرندُهُ وجَلَتْ مضارِبَهُ أكُفُّ قُيونِهِ,
وقدْ أشرفتْ خيلُ الإلهِ طوالعًا على الدّين والدّنياكما طَلَعَ الفجرُ,
كأنّما عضَّ جفنيهِ الأزومُ على صَدرِ القَناة ِ أوِ استَحْيا منَ العَذَلِ,كأنّما
أتاكَ يعلوهُ من عصيانهِ خفرٌ حتّىكأنّ بهِ ضَرْبًا منَ الخَجَلِ,
كأنَّ منهُ الّذي في اللّيلِ من غَسَقٍ داجٍ وما بحواشي الغَيمِ من طَحِلِ,
إذا سَطا بادَرَتْ هامٌ مصارِعَهاكأنّما تتلقَّى الأرضَ للقَبَلِ,
رغا فوقهم سَقْبُ العُقاب فأصبحوا نشاوى من البلوىكأنهم شرْبُ,
فقد شهِدتُ له بالمُعجِزاتِكما شَهِدْتُ لله بالتّوحيدِ والأزَلِ,
ملأت جذوع النخل منهم فأصبحت بهمكرِحالٍ شُدّ من فوقها قِتْبُ,
في جحفلٍ هَتَمَ الثّنايا وقعُهُكالبحر فهو غُطامِطٌ زَخّارُ,
قامَتْ تميسُكما تَدافَعَ جَدولُ وانْسابَ أيْمٌ في نَقًا يَتَهيَّلُ,
ألَيسَ أوّلَ من ساس الأمور أتَتْ عَفوًا بما كان لميَحسَبْ ولم يَخَلِ,
محجَّلة ً غُرًّا وزُهرًا نواصعًاكأنَّ قباطيًّا عليها منشِّرا,
ودُهمًا إذا استقبلنَ حوًّاكأنّما عُلِلنَ إلى الأرساغِ مسكًا وعنبرا,
أسمرُ: مثلُ القناة ذو هيفٍ وطرفُهكالسنان ذو زَرَقٍ,مثلُ
يثري علينا ندى يديكَكما تدافعَ الموجُ جالَ فاطّردا,
والعيش يقطر نضرةًفكأنه خدٌّ به ماءُ الشبيبةِ جائلُ,
يُعِدُّ للأمر قبل الأمر واجبهكأنه كاهنٌ فيه لما يقع,
قومٌ يوالفُ سيماهم طهارتهمكأنهم بطباع المزن قد طبعوا,
والأرْضُ تبسُطُ في الثّرى وَرَقًاكما تُنشَرُ في حافاتها البُسُطُ,
فكأنّما كانتْ تذكّرنيكُم فتميدُ في أعطافها البرحاءُ,فكأنّما
كأنّ تهتانها في كلِّ ناحيةٍ مَدٌّ من البحرِ يعلو ثم ينهبطُ,
ذمّ اللّيالي بعدَ ليلتنا التي سَلَفَتْكما ذمّ الفراقَ لقاءُ,
أهْدى الرّبيعُ إلينا روضَهُ آنفًاكما تنفّسَ عن كافورهِ السَفِطُ,
كأنّهُ ساِخطٌ يَرضى على عَجَلٍ فما يدومُ رضًى منه ولا سخَطُ,
فكأن أنملها سيوف مبشرٍ وقد اكتست علق النجيع الأحمر,
حتّى بدتْ والفجرُ في سِرْبالِهافكأنّها خَيفانةٌ صدراءُ,
ثمّ انتحى فيها الصّديعُ فأدبَرَتْوكأنّها وَحْشِيّةٌ عَفْراءُ,
جودٌكأنَّ اليمَّ فيهِ نُفاثة ٌ وكأنما الدّنيا عليهِ غُثاءُ,وكأنما
إنَ المكارمَ كنَّ سربًا رائدًا حتّى كنسنَكأنَّهنَّ ظباءُ,
وتوشحتفكأنه في جوشنٍ قد قام عنبره مقام العثيَرِ,
و تعرَّضتْ طُررُ الشُّمولِكأنَّها عذباتُ أوشحةٍ يروقُ جُمانُها,
وأنّكَ فتَّ السّابقينَكأنّما مساعيك في سوقِ الرّجالِ أداهمُ,
مَرَيْتَ سِجالًا من عِقابٍ ونائلٍكأنّكَ للأعمارِ والرّزقِ قاسمُ,
والخيرُ يجلو كلَّ شيءٍمثلما تجلو الشكوكَ إقامةُ البرْهان,شيءٍمثلما
وتنْظُرُ عُلْوًا أينَ منكَ وُفودُهاكأنّكَ يومَ الرّكبِ للبرقِ شائِمُ,
وكأنّ قُدسَ ويذبُلًا وفَدا ذرى أعلامِهِ حتّى رستْ أركانُها,
وأدنيتَها بالإذنِ حتّىكأنّما تَخَطّتْ إليكَ السّيْفَ والسّيْفُ قائِمُ,
بُطْنانُها وَشيُ البُرودِ وعَصْبُهافكأنّما قُوهِيُّها ظُهْرانُها,
فكُلُّ إمَاميٍّ يجيءُكأنّمَا على يدهِ الشِّعرى وفي وجهه البدرُ,
وكأنَّ أفوافَ الرِّياضِ نثرنَ في صفحاتها فتفوَّفتْ ألوانُها,
يخفي المكارمَ وهو يوقد نارَهافكأنها نارٌ بغير دخانِ,
أسدى إليّ من الصنايعمثلما أسدتَ أوائلُه إلى حسّان,الصنايعمثلما
و اللهُ في علياكَ أصدقُ قائلٍفكأنّ قولَ القائلينَ هُذاءُ,
فمَهْلًا فقد أرستمُوناكأنّما صَنائعُكُمْ عُرْبٌ ونحنُ أعاجِمُ,
حسبي بمدحك فيهِ ذخرًا إنّهُ للنُّسْكِ عند النّاسكين كِفاءُ,
فثمّ زمانٌكالشّبيبة ِ مُذهبٌ وئمّ ليالٍ كالقدودِ نواعمُ,
خَضِلُ البشاشة ِ مونقٌ من مائهافكأنَّهُ متهلِّلٌ جذلانُها,
وَدَنَوْا للوَداعِ حتّى ترى الـ أجـيادَ فوقَ الأجيادكالأطواقِ,
فجرَّدَ ذو التّاج المقاديرَ دونهاكما جُرِّدتْ بِيضٌ مضاربُها حُمرُ,
وكأنّها الفردوسُ دارَ قرارهِ و كأنّ شافعَ جودهِ رِضْوانُها,
وكأنّما لَبِسَتْ شَبيبَتَهُ وقَدْ غادى النّدى متهَدِّلًا ريعانُها,وكأنّما
وتخالُها صَفراءَ عارَضَتِ الدُّجى وسرَتْ فنادَمَ كوكبًا نُدمانُها,
أطيعوا إمامًا للأئمَّةِ فاضلًاكما كانتِ الأعمالُ يفضلها البرُّ,
ردوا ساقيًا لا تنزفونَ حياضَهُ جَمومًاكما لا يَنزِفُ الأبحُرَ الذَّرُّ,
عبتُم رطوبة منطقيفكأنكم عيتم فتورَ اللحظ من وسنان,
لترى فنونَ السّحرِأمثلة ً وما يُدري الجهولُ لَعَلّها أعيانُها,السّحرِأمثلة
أدارَكما شاءَ الوَرَى وتحيَّزَتْ على السّبعة ِ الأفلاكِ أنملهُ العشرُ,
أذكى القلوب أسى أبكى العيون دمًا خطبٌ وجدناك فيهيشبه العدما,
فكأنّهُ سيفُ بنُ ذي يَزَنٍ بها وكأنّها صَنعاءُ أو غُمدانُها,
ملأ البسيطة فيه جندك كثرةًفكأنَّ جندَك جاء من غسّان,
فكأنّ نجمَ المشتري في سَعده والنيرين تجمعتْ لقران,
فكأنّ هذا عاشِقٌ وكأنّ ذا كَ معشَّقٌ وكأنّ ذاكَ رقيبُ,
و الشّمسُ ترجعُ عن سناه جفونهاوكأنّها مَطرُوفة ٌ مرْهاءُ,
مُضاعَفُ نسج العرضِ يمشيكأنمّا يلوثُ به سِرْبالَ داودَ لائثُ,
تجري أياديه التي أولاهمُفكأنَّها بينَ الدّماءِِ دماءُ,
وتغْدو على يحيَى الوُفودُ ببابِهِكما ابْتَدَرَتْ أُمَّ الحَطيمِ المَواسمُ,
تَبَسّمَتِ الأيّامُ عنهُ ضواحِكًاكما ابتسمت حُوُّ الرّياضِ الدّمائثُ,
و إنّ حرامًا أن نؤمّلَ غيرهُكما حُرّمَتْ في العالَمين الخبائثُ,
إذا نحن جئناهُ اقتسمنا نوالهُكما اقتُسِمَتْ في الأقربينَ الموارثُ,
كلُّ رقراقِ الحواشي فوقهمْكعيونٍ من أفاعٍ وجرادْ,
أو مَا ترى دولَ الملوكِ تطيعهُفكأنَّها خَوَلٌ لهُ وإماءُ,
و ليسكما قالوا المنيّة ُكاسمهما ولكنّها في كفّهِ اليومَ صارمُ,
تُعرِّضُها للطّعْنِ حتّىكأنّها لها من عداها أضلعٌ وحيازمُ,
وتطعنهم لم تعْدُ نحرًا ولبَّة ًكأنّكَ في عقدٍ منَ الدُّرّ ناظمُ,
فكأنّما فوقَ الأكُفِّ بَوارقٌوكأنّما فوقَ المنونِ إضاءُ,فكأنّما
سبقْتَ المَنايا واقعًا بنفوسِهِمكما وقعَتْ قبلَ الخوافي القوادمُ,
لا يصدرونَ نحورها يومَ الوغى إلّاكما صبغَ الخدودَ حياءُ,
غزوا في الدّروعِ السّابغاتِكأنّما تُديرُ عُيونًا فوقهُنّ الأراقمُ,
سَقَيْتُ أعاديكَ الذّعافَ مثَمّلًاكأنّ حبابَ الرّملِ من فيّ نافثُ,
نظمتُ رقيقَ الشّعر فيك وجَزلَهُكأنّيَ بالمرجانٍ والدُّرِّ عابثُ,
كأنّك في يومِ الهياجِ مرنَّحٌ تهيجُ المثاني شجوَهُ والمثالثُ,
كأنّ المجامرَ أذكَيْنَهُ أو اغتبقَ الخمرَ حتّى انتشى,
يروقك في أهل الجمال ابنُ سيّدٍكترجمةٍ راقت وليس لها معنى,
فكأنّها بينَ اللِّصابِ نضانضٌ وكأنّهَا بينَ الهِضابِ وُعولُ,
قد كتَبَ الشعرُ على خدّه (أوكالذي مرَّ على القَريةْ),
و استشعرتْ أجبالُها لك هيبة ً حتّىحَسِبنَا أنّها ستَزُولُ,
لبسنا بهِ أيّامَ دهرٍكأنّها بها وسنٌ أو مالَ ميلًا بها السّكرُ,
فكيفَ مواليهِ الّذينَكأنّهمْ سماءٌ على العافينَ أمطارُها التّبرُ,
وتحسبُ أطرافَ آذانها يراعًا بُرينَ لها بالمُدى,
كأنّ قَطًا فوق أكفالها إذا ما سَرَينَ يثرنَ القَطا,
فكأنها بغداد أنت رشيدُها ووزيرُها - وله السلامة - جعفرُ,
كأنّي به قد سارَ في النّاسِ سيرة ً تودُّ لها بغدادُ لو أنّها مصرُ,
ولقد جِئتُمْكما قد شِئْتُمُ ليس في فخركُمُ من مُستَزادْ,
فحسبكمُ يا أهلَ مصرٍ بعدلهِ دليلًا على العدل الّذي عنه تفترُّوا,
وبيَّنتَها بالكتبِ من كلِّ مدرجٍكأنَّ جميعَ الخيرِ في طيِّهِ سطرُ,
وصاةًكما أوصى بها الله رُسْلَهُ وليس بإذنٍ أنت مسمعُها وقرُ,
وكأنّ دَولَتَكَ المنيرة َ فيهم ذَهَبٌ على أيّامِهِمْ مَحلولُ,
كأنّ الهُدى لم يكن كائنًا إلى أنْ دُعيتَ مُعِزَّ الهُدى,
وكأن سطوته معاينة الردى وغرار صارمه القضاء النازل,
وكأنّ نشر زمانه مع بشره بكر لأيام الصبا وأصائل,
وكأنما نور الربيع ونوره في الحسن أخلاق له وشمائل,وكأنما
وكأنما هي في السماحة طيّئُوكأنما هو في السماحة وابل,وكأنما
كما استجفل الرّملَ من عالجٍ فجاء الخبَارَ وجاءَ الَّنقا,كما
إذا ما طَوَيتَ على عَزْمَةٍفحسبكَ أن لا تحلّ الحُبى,
وشامخُ العرنينِ جاثليقٍ مروَّعٍبمثلنا مطروقِ,مروَّعٍبمثلنا
أهديتْ لي من بناتِ الكرم فاكهةًكأن طيبَ اللمى من طيبها أشرقا,
ما يستقِرُّ لهُمْ رأسٌ على جَسَدٍكأنَّ أجسامهمْ يلعبنَ بالقُلَلِ,
أمّا العَدُوُّ فلا تَحْفَلْ بمَهلكِهِ فإنّما هوكالمحصورِ في الطِّوَلِ,
فلا تُرهِقُوني بالمزيدِفحسبكموحسبي لديكمْ ما ترونَ منَ الوفرِ,
كفَّاني ما ألبستموني منَ العلاوحسبي ما خوَّلتموني منَ الوفرِ,
قدمتَ ربيعًا والربيعُكأنما تأخّر وترًا إذ تقدمته شَفْعًا,
أسَرَّكُمُ أنّي نهضْتُ بلا قُوًىكما سرّكمُ أنّي اعتذرتُ بلا عُذْرِ,
خابتْ أُميّة ُ منه في الّذي طلبَتْكما يخيبُ برأسِ الأقرعِ المُشُطُ,
إمامُ عدلٍ وفى في كلِّ ناحية ٍكما قضَوْا في الإمامِ العدلِ واشترطوا,ٍكما
وما كانتِ الأيامُ تأتيبمثلكمْ قديمًا ولكن كنتُمُ بَيْضَة َ العُقرِ,تأتيبمثلكمْ
ومثلك يدعو المرهَفَ العضْبَ عزمهُ وتدعُو ظباهُ كلَّ مُرهَفَة ِ الخَصْرِ,ومثلك
تاللهِ لو كانتِ الأنواءُتشبهُهُ ما مَرَّ بُؤسٌ على الدّنْيا ولا قَنَطُ,
كأنّما هي أنفاسُ المعزِّ سرتْ لا شُبْهَة ٌ للنّدى فِيهَا ولا غَلَطُ,كأنّما
كبدر الدّجى كالشّمسِكالفجر كالضّحى كصرف القضا كاللّيث كالغيث كالبحرِ,
لَعمري لقد أُيّدتَ يومَ الوغى بهِكما أُيِّدتْ كفّاكَ بالأنمُل العشرِ,
و قد شاقني إيماضُ برقٍ بذي الغضىكما حُرِّكتْ في الشّمسِ بيضُ المناصِلِ,
فهل هذه الأيّامُ إلّاكما خَلا وهل نحنُ إلّاكالقُرُونِ الأوائلِ,
يا هل ترى ظعنًاكما رحلت غدائرُ المكرمةِ السّحقِ,
فما عاجِلٌ تَرْجوهُ إلّاكآجِلٍ و لا آجلٌ نخشاهُ إلّا كعاجلِ,
وآنستني من وحشةٍفكأنما مددت عليَّ الظل والشمسُ تحرق,
كتابٌكما يُتلى الكتابُ وراءه حديثٌكما يروى الحديثُ المصدّقُ,
أضاء الهوى في صَفح ما قد خططتَهكما ضاءَ في وجهِ الحقيقةِ رونقُ,
مشى في موشّى عبقريّكأنه طراز الصِّبا منه بخدّ منعّم,
وروضة الحسن من أزهارها عريت حزنًا عليك لأنأشبهتها شيما,
تسلَّ به عمّنْ سواهُومثلهُ يُريك أباهُ في صدورِ المحافلِ,سواهُومثلهُ
وهم يتّقونَ الذَّمَّ حتّىكأنّهُ ذُعافُ الأفاعي في شِفارِ المناصلِ,
كأن الذي في نوره من تلألؤٍ شقيق الذي في ناره تضرم,
كأنّ تواقيع الرضا بعد سخطه مواقع مزنٍ في عواقب صيلم,
كأنّ تخاطيط الحياة بخدّه حواشي رداء مذهب النسج معلم,
كأن سنا مرآه في جود كفّه سنا الشمس (...) في حِبا الغيث ينهمي,
كأن لدى هيباته وهباته جنى جنةٍ محفوفةٍ بجهنم,
كأنّ ثبوت الراسيات ثبوته إذا خفّ من خوف الردى كل محجم,
كأنّ مذاقيه ليانا وشدة حلاوة شهد في مرارة علقم,
كأنّ أديم الأرض راحة كفّه وفي بسطها قبض على كل مجرم,
كأنّ سجاياه ربيع مفوّف تفتح عن زهرِ نضير منعم,
و الشّذقميّةُ جعدًا في مباركهاكأنّها في الغزيرِ المكلىءِ الغسقُ,
كأنّ أعْداهُ أسْرَى حَبائِلِهِ فما يحصّنهمْ شعبٌ ولا نفقُ,
نزلوا بأرضٍ لم يمسُّوا تربها حتّىكأنَّ وقوعهم تحليلُ,
يَجِدونَها بينَ الجوانحِ والحَشافكأنّما هي زفرَةٌ وغَلِيلُ,
وكأنّما شمسُ الظّهيرَةِ فوقَهُمْ يرّتَدُّ عنها الطَّرفُ وهو كليلُ,وكأنّما
وكأنّها الدّهْرُ المُنيخُ عليهِم لا يستطاعُ لصرفهِ تحويلُ,
دعهُ يجمِّعُ ألفَ ألفِكتيبةٍ فهو النَّكُولُ وجَمْعُهُ المفلُولُ,
تحسب فيها طرفَيْ رمحِهِ قوسَ هلال كرَّ في محقِ,
كما قابلت عينٌ من اليمِّ لجَّةً وقد نحرتها من مطالعها الشّمسُ,كما
كأنَّ بين السَّردِ من تختها غِفارةً من لبطةٍ لفقِ,
كأنّما في كفِّهِ للورى مفاتحُ الآجالِ والرّزقِ,كأنّما
فكأنّكَ المقدارُ يعرفُهُ الورى من غيرِ تكييفٍ ولا تحديدِ,
غِطَمٍّ خضمِّ المَوجِ أورَقَ جَحفَلٌ لهامٍكمِرْداةِ الصّفيحِ ململمِ,
حسبي مدى الآمال يحيى إنّهُ أمْنُ المروَّعِِ عصْمة ُ المنجودِ,
مجتمعُ الرّأيِ إذا ما مضىكأنّهُ صاعقةُ المحقِ,
كأنَّما في الدّرع ذو لبدةٍ اخرقُ من ماسذةٍ خرقِ,كأنَّما
ولقد يلوحُكما تكشّفَ مِعْصمٌ فترى الوشاةَكما استدار بدين,
و تخضبُ الحَلَقَ الماذيَّ من علقٍكأنما صاغها داودُ من ذهبِ,
سيوفٌ كأغمادِ السّيوفِ ودولةٌ تثنَّى دلالًاكالقضيبِ المنعَّمِ,
لك المنشآت الجارياتكأنها ضواري شواهين على الماء حوم,
كأن رياض الحزن بُسطٌ تدبّجت بأنواع ألوانٍ حسانٍ فرائد,
فإنْ أتَيْتَهُمُ عن فَترَة ٍ فهُمُكما عهدتهمُ في سالفِ الحقبِ,
وتحسب في أطراف طرفائها الندى بقية كحل في رؤوس المزاود,
كما سار في الأنصار جَدُّكَ من منًى وقادَ الحواريَّين عيسى ابنُ مريمِ,كما
كأنّ عليه اليَمَّ باليَمِّ تلتقي غَوارِبهُ واللّيْل باللّيلِ يَرتَمي,
يا دارُأشبهت المها فيك المها والسّربُ إلّا أنَّهنَّ مطافلُ,
كأن علاك أفلاك وفلك بأرزاق البرية جاريات,
كأن هباتها من غير وعد نتائج مالهن مقدمات,
وقد غَضِبَتْ للدّينِ باسطَ كَفّهِ إليهِنّ في الآفاقِكالمُتَظَلِّمِ,
ولقد تكونُ لكَ الأسِنّة ُ مَضْجَعًا حتّىكأنَّكَ عن حِمامكَ غافلُ,
تَغْدو على مُهَجِ اللّيوثِ مُجاهِرًا حتّىكأنَّكَ من بدارِ خاتلُ,
فكأنّما عتمت لهنَّ مرافقٌوكأنّما زفرت لهنَّ مراكلُ,فكأنّما
اللّاحقاتُ وراءَها وأمامَهافكأنّهنّ جنائبٌ وشمائلُ,
وليسكما أبقت صنيعةُ أضخمٍ وليسكما شادت قبائلُ جرهمِ,
كأنّكم لا تحسبون أكفَّكم تفيضُ على العافي إذا لم يحكَّمِ,
وكنتم إذا ما لم تثلَّم شفارُكم علمنا بأنَّ الهامَ غيرُمثلَّمِ,غيرُمثلَّمِ
وكأن أعلامَ الأمير مُبشِّرٍ نُشرت على قلبي فأصبحَ يَخفِقُ,
فكأنّ صوبَ حيًا وصعقةَ بارقٍ ما ضمَّ منه نديُّهُ والمأزِقُ,
وكأنّهُنّ على العيونِ غياهبٌ وكأنّهُنّ على النّفوسِ حبائلُ,
بأسٌكما جمد الحديدُ وراءه كرمٌ يسيلُكما يسيلُ الزئبق,
حسبتُها من قَناهُ أو أعنتهِ إذا بها لِثقافِ المجدِ آلات,
كأنَّ واديها سلكٌ بلبَّتها وغايةُ الحسنِ أسلاكٌ ولبات,
أرضكأن على أقطارها سُرُجا قد أوقدتهُنَّ في الأذهان أنْبات,
تلتفُّ خُرصانُ العوالي فوقهُفكأنَّما الآفاقُ منهُ خمائلُ,
أضمُّ عليها أضلعيوكأنَّها منَ الذّعرِ تشوى أو تطرقها لمَمْ,
أيحسَبُ ساري اللّيلة ِ البدرَ واحدًا و في كللِ الأظعانِ ثانٍ وثالثُ,
أنازعها باللّحظ سرًّاكأنّما تعلَّم منها اللّحظُ ما نسي القَلَمْ,
تمضي ويتبعكَ الغمامُ بوبلهِفكأنّهُ مذ جئت أنت مساجلُ,
فكأنَّما الهضباتُ منهُ أجارعٌ وكأنَّما البكراتُ منهُ أصائلُ,فكأنَّما وكأنَّما
وكأنَّما هوَ من سماءٍ خارجٌ وكأنَّما هوَ في سماءٍ داخلُ,وكأنَّما وكأنَّما
نظرتُكما حلَّت عقابٌ على أُرَمْ وإنّي لفردٌ مثل ما انفرد الزّلمْ,مثل
أطاع لها أنّ الملائك خلفهاكما وقفت خلف الصّفوف ردودُ,
قبابكما تزجى القبابُ على المها ولكنَّ من ضمَّت عليه أُسودُ,
وصار ما كان من مُلْك ومن مَلِككما حكى عن خَيال الطَّيْف وَسْنان,
مواخرُ في طامي العبابِكأنَّها لعزمك بأسٌ أو لكفك جودُ,
و بيضةِ خدرٍ تجرُّ الذّيولَكما أتلَعَ الخِشْفُ لمّا بَغَمْ,
شعرًا أحَطتُمْ بهِ عِلمًاكأنّكُمُ فاوضتم العيسَ في فحواه والحمرا,
ولو حرصتم على إحياءِ مهجتهِكما حرَصْتُم على ديوانِهِ نُشِرا,
ضجرتُم وأتانا من ملامكمُ ومن معاريضكم مايُشبهُ الضّجرا,
وعَجاجَةٌ شُقَّتْ سيوفُ الهِندِ من أكمامِهافكأنّمَا هي خَيْعَلُ,
تسعى على وجْهِ الصّباحِكأنّما في كلّ شارِقَةٍ كثيبٌ أهيلُ,
كما اشتملتْ فوقَ الأرائكِ خردٌ أو التفعت فوق المنابر صيدُ,كما
تكبَّرنَ عن نقعٍ يثاركأنَّها موالٍ وجردُ الصّافنات عبيدُ,
و أنتَ تجودُبمثلِ البكارِ منَ التّبرِ في مثلها منْ أدَمْ,تجودُبمثلِ
وحاملين سيوف الهند مُرْهفةًكأنها في ظلام النَّقْعِ نيران,
يا راكبين عِتَاق الخيل ضامرةًكأنها في مَجال السَّبْق عِقبان,
أمّا العيانُ فلا عيانُ يَحُدُّهُ لكنْ رُواؤكَ في الضّميرِمُمَثَّلُ,الضّميرِمُمَثَّلُ
ولحالَتْ دونَهُ رَجْراجةٌكعُبابِ البحرِ يَرْمي بالزّبَدْ,
واستْحالَ الزَّأرُ ارنانًاكما رَجعَ الباكي على الأيكِ الغردْ,
لها شُعَلٌ فوقَ الغماركأنّها دماءٌ تلقَّتها ملاحفُ سودُ,
تعانق موج البحر حتّىكأنَّهُ سليطٌ لها فيهِ الذّبال عتيدُ,
إذا زفرت غيظًا ترامت بمارجٍكما شبَّ من نار الجحيمِ وقودُ,
تبكي الحنيفيّةُ البيضاءُ من أسفٍكما بكى لِفراق الإلف هَيْمان,
قصُرنَ عليكمْكأنّ الشّآ مَ و أرضَ العراقِ عليها حرَمْ,
ترى الماءَ فيها وهو قانٍ عبابهُكما باشرت ردع الخلوق جلودُ,
كأنّما الصَّعبُ لم يَسْهُل له سَبَب يومًا ولا مَلَك الدنيا سُلَيمانُ,كأنّما
فكأنّما يسقيهِ مجَّةَ ريقهِ صلٌّ ويأكلُ من حشاه فُرعُلُ,فكأنّما
تلقى العفاةُ يمينهوكأنها قلبٌ إلى لقيا الأحبةِ شيِّق,
يا رُبَّ أمٍّ وطفلٍ حِيل بينهماكما تفرّقُ أَرواح وأَبْدان,
وطَفلةٍ ما رأتها الشمس إِذْ بَرزتكأنما هي ياقوتٌ ومَرْجانُ,
خاضت غدير الماء سابحةً بهفكأنما هي في سرابٍ أينُقُ,
وبنو الحروب على الجواريّ التي تجريكما تجري الجيادُ السُّبق,
ملأ الكماةُ ظهورَها وبطونها فأتتْكما يأتي السحابُ المُغدِقُ,
وكأنها أفلامُ كاتبِ دولةٍ في عرْضِ قرطاسِ تُخطُّ وتمشق,
هزّت مجاذيفًا إليككأنها أهدابُ عينٍ للرقيبُ تُحدّق,
سقى الله عهدًا كنت صيّبَ عهدهبمثلِ الذي قد كنت تسقي وتشربُ,عهدهبمثلِ
ولاكاللّيالي مالهنّ مواثقٌ ولاكالغواني مالهنّ عهودُ,
وأشبهكَ البحرُ إن قيلَ ذا غِطَمٌّ وهذا جَوادٌ غطَمْ,
فكأنّهُ لكَ صارمٌ أعدَدتَهُ وكأنّهُ مذ ألفِ عامٍ يُصْقَلُ,
ولم يكتحل غمضًا قباتكأنّما يريع إلى إلفٍ منَ المزنِ يعشقهْ,
وما إن خبا حتّىحسبتُ منَ الدّجى على الأفق زنجيًّا تكشَّفَ يلمقهْ,
ترْتَبي مرهوبةًتَحْسَبُها كوكَبَ اللّيل على الليّلِ رصَدْ,
أليس عجيبًا إن دعاك إلى الوغىكما حرَّضَ اللَّيْثَ المُزعفرَ سيدُ,
وثقتُ به ضيفًا على رغم حاسديكأني وقفٌ ضاق منه على زند,
كأنّما جرّدتُم للنّوى أسيافَ قومي فهي لا تبقي,كأنّما
سَرَيْنا وطُفنَا بالحِجالِ وأهلِهاكما طافَ بالبيتِ المُحجَّبِ ناسكُ,
فَتَرى للْبَغْيِ في أعْطافِهِكاندفاعِ الموجِ في طامٍ ثمدْ,
وليلٍ عليهِ رقمٌ وشيٍكأنَّما تُمدُّ عليهِ بالنّجومِ الدّرانكُ,
كفَتاةٍ كَسَرَتْ خَلْخالَها ضاعَ نصْفٌ منه والنّصْفُ وُجِدْ,
وفلكك يلقى الفلك في اليمّ من علكما يتلاقى سيّدٌ ومسودُ,
يَنْثَني الأيكُ على صَفحَتهِ وهوكالشعْرَى إذا لاحَ وَقَدْ,
وهيَ تَعْطوهُ على خوْفٍكمَا مَدَّ رَقّاءٌ إلى الأرْقمِ يَدْ,
فعزمك يلقى كلّ عزمٍ مملّكٍكما يتلاقى كائدٌ ومكيدُ,
و إذا نجا من فتنة ِ الدّنيا امرؤٌفكأنّما يَنجو منَ الطّوفانِ,
وتحسب في عودي ليانا وأنه لفي السرّ من نبع وفي الجهر من رند,
يأبى ليَ الغدرَ الوفاءُ بذمَّتي و الذَّمُّ آباهُكما يأباني,
فهل تبلغنّيها الجيادُكأنّها أعِنّتُها من طولِ لوكِ الشّكائمِ,
أبَني لؤيٍّ أينَ فضلُ قديمكِم بلْ أينَ حلمٌكالجبالِ رصينُ,
قد قالَ فيكَ الله ما أنا قائِلٌفكأنّ كُلَّ قَصيدَة ٍ تَضْمينُ,
كأنما حليتها ألسن تملأ سمع الدهر فيك امتداح,كأنما
وبابي ذلك منحاسب خُطّ استواءُ الحسنِ في خده,
فما راشتِ الأملاكُ سهمًا يَريشُهُ ولا برتِ الأملاكُ سهمًاكما يبري,
كأنّ يدًا اسقت خلالَ غيومهِ جُيوبًا أوِ اجتابَتْ قباءً مُفرَّجا,
مطارُ سنًا يزجي غمامًاكأنّما يُجاذبُ خَصْرًا في وشاحيك مُدمجا,
كأنّ به لما سرى منك واضحًا تبسَّم ذا ظَلمٍ شنيبًا مُفلَّجا,
وما عِبتُهُ إلّا بأنّي وصفتُهُوشبّهْتُهُ يومًا منَ الدّهرِ بالقَطْرِ,
وحسبي بجذلانٍكأنّ خصالهُ أكاليلُ درّ فوقَ نصل من التّبْرِ,
هذا الّذي تُتلى مآثِرُ فعلِهِ فيناكما يُتْلى الكتابُ المُنْزَلُ,
وجرى الفرند بصحفتيهكأنّما ذكر القتيل بكر بلاء فدمَّعا,
هل كنتَتَحسَبُ قبل جُرأتِنا على تقريظهِ أنّ الحُلومَ تُجَهَّلُ,
مُوفٍ يَرُدُّ على اللّيالي حُكمَهافكأنّهُ بالحادِثاتِ مُوَكَّلُ,
مَلِكٌ له اللُّبُّ الصّقيلُكأنّما عكستْ شعاعَ الشّمسِ فيهِ سَجنْجَلُ,
جارَتْكما جارَ الزّمانُ ورَيبُهُ وكِلاهُما في حكمِهِ لا يَعدِلُ,
